{"loss": [1.3374162912368774, 0.4377484619617462, 0.26029255986213684, 0.18103322386741638, 0.13331124186515808, 0.1065056249499321, 0.08296048641204834, 0.07366278022527695, 0.05932197719812393, 0.055734507739543915], "accuracy": [0.6061959266662598, 0.8608898520469666, 0.914969265460968, 0.9409421682357788, 0.9564889669418335, 0.964724600315094, 0.9722917675971985, 0.9760611057281494, 0.9804705381393433, 0.9817933440208435], "val_loss": [0.5204164385795593, 0.3776797950267792, 0.18353095650672913, 0.1849905550479889, 0.16077837347984314, 0.15846394002437592, 0.1457260400056839, 0.11137736588716507, 0.11384633928537369, 0.13447366654872894], "val_accuracy": [0.8341774344444275, 0.8871564269065857, 0.94127357006073, 0.9421271085739136, 0.947134792804718, 0.9519717693328857, 0.957889974117279, 0.9658567309379578, 0.9674500823020935, 0.9652876853942871]}